<?xml version="1.0" encoding="utf-8"?>
<extension type="component" method="upgrade">
	<name>com_privacy</name>
	<author>Joomla! Project</author>
	<creationDate>2018-05</creationDate>
	<copyright>(C) 2018 Open Source Matters, Inc.</copyright>
	<license>GNU General Public License version 2 or later; see LICENSE.txt</license>
	<authorEmail>admin@joomla.org</authorEmail>
	<authorUrl>www.joomla.org</authorUrl>
	<version>3.9.0</version>
	<description>COM_PRIVACY_XML_DESCRIPTION</description>
	<namespace path="src">Joomla\Component\Privacy</namespace>
	<files folder="site">
		<folder>forms</folder>
		<folder>src</folder>
		<folder>tmpl</folder>
	</files>
	<languages folder="site">
		<language tag="en-GB">language/en-GB/com_privacy.ini</language>
	</languages>
	<administration>
		<files folder="admin">
			<filename>config.xml</filename>
			<filename>privacy.xml</filename>
			<folder>forms</folder>
			<folder>services</folder>
			<folder>src</folder>
			<folder>tmpl</folder>
		</files>
		<languages folder="admin">
			<language tag="en-GB">language/en-GB/com_privacy.ini</language>
			<language tag="en-GB">language/en-GB/com_privacy.sys.ini</language>
		</languages>
	</administration>
	<dashboards>
		<dashboard title="COM_PRIVACY_DASHBOARD_TITLE" icon="icon-lock">privacy</dashboard>
	</dashboards>
</extension>
