<?xml version="1.0" encoding="utf-8"?>
<extension type="module" client="administrator" method="upgrade">
	<name>mod_sampledata</name>
	<author>Joomla! Project</author>
	<creationDate>2017-07</creationDate>
	<copyright>(C) 2017 Open Source Matters, Inc.</copyright>
	<license>GNU General Public License version 2 or later; see LICENSE.txt</license>
	<authorEmail>admin@joomla.org</authorEmail>
	<authorUrl>www.joomla.org</authorUrl>
	<version>3.8.0</version>
	<description>MOD_SAMPLEDATA_XML_DESCRIPTION</description>
	<namespace path="src">Joomla\Module\Sampledata</namespace>
	<files>
		<filename module="mod_sampledata">mod_sampledata.php</filename>
		<folder>src</folder>
		<folder>tmpl</folder>
	</files>
	<media destination="mod_sampledata" folder="media">
		<folder>js</folder>
	</media>
	<languages>
		<language tag="en-GB">language/en-GB/mod_sampledata.ini</language>
		<language tag="en-GB">language/en-GB/mod_sampledata.sys.ini</language>
	</languages>
	<help key="Admin_Modules:_Sample_Data" />
	<config>
		<fields name="params">
			<fieldset name="advanced">
				<field
					name="layout"
					type="modulelayout"
					label="JFIELD_ALT_LAYOUT_LABEL"
					class="form-select"
					validate="moduleLayout"
				/>
			</fieldset>
		</fields>
	</config>
</extension>
