<?xml version="1.0" encoding="utf-8"?>
<extension type="component" method="upgrade">
	<name>com_messages</name>
	<author>Joomla! Project</author>
	<creationDate>2006-04</creationDate>
	<copyright>(C) 2006 Open Source Matters, Inc.</copyright>
	<license>GNU General Public License version 2 or later; see LICENSE.txt</license>
	<authorEmail>admin@joomla.org</authorEmail>
	<authorUrl>www.joomla.org</authorUrl>
	<version>4.0.0</version>
	<description>COM_MESSAGES_XML_DESCRIPTION</description>
	<namespace path="src">Joomla\Component\Messages</namespace>
	<languages folder="site">
		<language tag="en-GB">language/en-GB/com_messages.ini</language>
	</languages>
	<administration>
		<files folder="admin">
			<filename>access.xml</filename>
			<filename>config.xml</filename>
			<filename>messages.xml</filename>
			<folder>forms</folder>
			<folder>services</folder>
			<folder>src</folder>
			<folder>tmpl</folder>
		</files>
		<languages folder="admin">
			<language tag="en-GB">language/en-GB/com_messages.ini</language>
			<language tag="en-GB">language/en-GB/com_messages.sys.ini</language>
		</languages>
	</administration>
</extension>
