<?xml version="1.0" encoding="utf-8"?>
<extension type="module" client="administrator" method="upgrade">
	<name>mod_quickicon</name>
	<author>Joomla! Project</author>
	<creationDate>2005-11</creationDate>
	<copyright>(C) 2005 Open Source Matters, Inc.</copyright>
	<license>GNU General Public License version 2 or later; see LICENSE.txt</license>
	<authorEmail>admin@joomla.org</authorEmail>
	<authorUrl>www.joomla.org</authorUrl>
	<version>3.0.0</version>
	<description>MOD_QUICKICON_XML_DESCRIPTION</description>
	<namespace path="src">Joomla\Module\Quickicon</namespace>
	<files>
		<folder module="mod_quickicon">services</folder>
		<folder>src</folder>
		<folder>tmpl</folder>
	</files>
	<languages>
		<language tag="en-GB">language/en-GB/mod_quickicon.ini</language>
		<language tag="en-GB">language/en-GB/mod_quickicon.sys.ini</language>
	</languages>
	<help key="Admin_Modules:_Quick_Icons" />
	<config>
		<fields name="params">
			<fieldset name="basic">
				<field
					name="context"
					type="text"
					label="MOD_QUICKICON_GROUP_LABEL"
					description="MOD_QUICKICON_GROUP_DESC"
					default="mod_quickicon"
				/>
				<field
					name="header_icon"
					type="text"
					label="MOD_QUICKICON_HEADER_ICON_LABEL"
					hint="icon-crosshairs"
					default=""
				/>
				<field
					name="show_global"
					type="radio"
					label="MOD_QUICKICON_SHOW_GLOBAL_LABEL"
					layout="joomla.form.field.radio.switcher"
					default="0"
					>
					<option value="0">JHIDE</option>
					<option value="1">JSHOW</option>
				</field>
				<field
					name="show_checkin"
					type="list"
					label="MOD_QUICKICON_SHOW_CHECKIN_LABEL"
					default="0"
					validate="options"
					>
					<option value="0">JHIDE</option>
					<option value="1">JSHOW</option>
					<option value="2">MOD_QUICKICON_WITH_COUNT</option>
				</field>
				<field
					name="show_cache"
					type="list"
					label="MOD_QUICKICON_SHOW_CACHE_LABEL"
					default="0"
					validate="options"
					>
					<option value="0">JHIDE</option>
					<option value="1">JSHOW</option>
					<option value="2">MOD_QUICKICON_WITH_COUNT</option>
				</field>
				<field
					name="show_users"
					type="list"
					label="MOD_QUICKICON_SHOW_USERS_LABEL"
					default="0"
					validate="options"
					>
					<option value="0">JHIDE</option>
					<option value="1">JSHOW</option>
					<option value="2">MOD_QUICKICON_WITH_COUNT</option>
				</field>
				<field
					name="show_articles"
					type="list"
					label="MOD_QUICKICON_SHOW_ARTICLES_LABEL"
					default="0"
					validate="options"
					>
					<option value="0">JHIDE</option>
					<option value="1">JSHOW</option>
					<option value="2">MOD_QUICKICON_WITH_COUNT</option>
				</field>

				<field
					name="show_tags"
					type="list"
					label="MOD_QUICKICON_SHOW_TAGS_LABEL"
					default="0"
					validate="options"
					>
					<option value="0">JHIDE</option>
					<option value="1">JSHOW</option>
					<option value="2">MOD_QUICKICON_WITH_COUNT</option>
				</field>

				<field
					name="show_modules"
					type="list"
					label="MOD_QUICKICON_SHOW_MODULES_LABEL"
					default="0"
					validate="options"
					>
					<option value="0">JHIDE</option>
					<option value="1">JSHOW</option>
					<option value="2">MOD_QUICKICON_WITH_COUNT</option>
				</field>
				<field
					name="show_categories"
					type="list"
					label="MOD_QUICKICON_SHOW_CATEGORIES_LABEL"
					default="0"
					validate="options"
					>
					<option value="0">JHIDE</option>
					<option value="1">JSHOW</option>
					<option value="2">MOD_QUICKICON_WITH_COUNT</option>
				</field>
				<field
					name="show_media"
					type="radio"
					label="MOD_QUICKICON_SHOW_MEDIA_LABEL"
					layout="joomla.form.field.radio.switcher"
					default="0"
					>
					<option value="0">JHIDE</option>
					<option value="1">JSHOW</option>
				</field>
				<field
					name="show_menuitems"
					type="list"
					label="MOD_QUICKICON_SHOW_MENUITEMS_LABEL"
					default="0"
					validate="options"
					>
					<option value="0">JHIDE</option>
					<option value="1">JSHOW</option>
					<option value="2">MOD_QUICKICON_WITH_COUNT</option>
				</field>
				<field
					name="show_plugins"
					type="list"
					label="MOD_QUICKICON_SHOW_PLUGINS_LABEL"
					default="0"
					validate="options"
					>
					<option value="0">JHIDE</option>
					<option value="1">JSHOW</option>
					<option value="2">MOD_QUICKICON_WITH_COUNT</option>
				</field>
				<field
					name="show_template_styles"
					type="radio"
					label="MOD_QUICKICON_SHOW_TEMPLATE_STYLES_LABEL"
					layout="joomla.form.field.radio.switcher"
					default="0"
					>
					<option value="0">JHIDE</option>
					<option value="1">JSHOW</option>
				</field>
				<field
					name="show_template_code"
					type="radio"
					label="MOD_QUICKICON_SHOW_TEMPLATE_CODE_LABEL"
					layout="joomla.form.field.radio.switcher"
					default="0"
					>
					<option value="0">JHIDE</option>
					<option value="1">JSHOW</option>
				</field>
			</fieldset>
			<fieldset name="advanced">
				<field
					name="layout"
					type="modulelayout"
					label="JFIELD_ALT_LAYOUT_LABEL"
					class="form-select"
					validate="moduleLayout"
				/>

				<field
					name="moduleclass_sfx"
					type="textarea"
					label="COM_MODULES_FIELD_MODULECLASS_SFX_LABEL"
					rows="3"
					validate="CssIdentifier"
				/>

				<field
					name="cache"
					type="list"
					label="COM_MODULES_FIELD_CACHING_LABEL"
					default="0"
					filter="integer"
					validate="options"
					>
					<option value="1">JGLOBAL_USE_GLOBAL</option>
					<option value="0">COM_MODULES_FIELD_VALUE_NOCACHING</option>
				</field>

				<field
					name="cache_time"
					type="number"
					label="COM_MODULES_FIELD_CACHE_TIME_LABEL"
					default="900"
					filter="integer"
					min="1"
					validate="number"
				/>
			</fieldset>
		</fields>
	</config>
</extension>
