<?xml version="1.0" encoding="utf-8"?>
<extension type="module" client="administrator" method="upgrade">
	<name>mod_multilangstatus</name>
	<author>Joomla! Project</author>
	<creationDate>2011-09</creationDate>
	<copyright>(C) 2011 Open Source Matters, Inc.</copyright>
	<license>GNU General Public License version 2 or later; see LICENSE.txt</license>
	<authorEmail>admin@joomla.org</authorEmail>
	<authorUrl>www.joomla.org</authorUrl>
	<version>3.0.0</version>
	<description>MOD_MULTILANGSTATUS_XML_DESCRIPTION</description>
	<files>
		<filename module="mod_multilangstatus">mod_multilangstatus.php</filename>
		<folder>tmpl</folder>
	</files>

	<languages>
		<language tag="en-GB">language/en-GB/mod_multilangstatus.ini</language>
		<language tag="en-GB">language/en-GB/mod_multilangstatus.sys.ini</language>
	</languages>

	<help key="Admin_Modules:_Multilingual_Status" />

	<config>

		<fields name="params">

			<fieldset name="advanced">

				<field
					name="layout"
					type="modulelayout"
					label="JFIELD_ALT_LAYOUT_LABEL"
					class="form-select"
					validate="moduleLayout"
				/>

				<field
					name="moduleclass_sfx"
					type="textarea"
					label="COM_MODULES_FIELD_MODULECLASS_SFX_LABEL"
					rows="3"
					validate="CssIdentifier"
				/>

			</fieldset>
		</fields>
	</config>
</extension>
